{"bits": [0.05999999865889549, 0.3700000047683716, 0.029999999329447746, 0.23000000417232513, 0.28999999165534973, 0.20999999344348907, 0.18000000715255737, 0.3100000023841858, 0.44999998807907104, 0.2800000011920929, 0.9599999785423279, 0.20000000298023224, 0.20999999344348907, 1.0099999904632568, 0.03999999910593033, 0.3799999952316284, 0.05999999865889549, 0.7400000095367432, 0.009999999776482582, 0.25999999046325684, 0.6200000047683716, 0.3199999928474426, 0.6700000166893005, 0.7599999904632568, 0.4099999964237213, 0.2199999988079071, 0.7799999713897705, 1.100000023841858, 1.0099999904632568, 0.15000000596046448, 0.7300000190734863, 0.23000000417232513], "loss": 0.060838185250759125, "percent": 99}